tag,responses,answer,patterns,,,,,,,,,,,,,,,,,,,,,
создание хром-пользователя,_questions_create_chrome_user,,создание хром-пользователя,как создать хром-пользователя,хром-пользователь,создание учетной записи хром,гугл-пользователь,пользователь гугл,google user,google пользователь,как войти с другой учетки,вторая учетная запись,как создать дополнительную учетку,учетные записи гугл,несколько аккаунтов гугл,как работать с двух аккаунтов,настройка другого юзера,хром юзер,chrome user,,,,,
найти коллег через гугл,_questions_find_colleagues,,Как найти коллег,Как найти коллег через гугл,найти коллег,найти сотрудников,найти сотрудников через гугл,поиск сотрудников,сотрудники РХ,сотрудники РЕ,мои коллеги,добавить коллег в линкедин,LinkedIn коллеги,сотрудники нашей компании,работники компании,команда компании,поиск команды,Search colleagues,добавить коллег в друзья,,,,,
Где Гугл-календарь,_questions_find_calendar,,Где Гугл-календарь,Где взять Гугл-календарь,Гугл-календарь,Гугл календарь,календарь,Google Calendar,Google календарь,календари в гугле,найти гугл-календарь,ссылка на календарь,доступ к календарю,открыть google calendar,открыть календарь,каким календарем пользоваться,календарь для работы,работа с календарем,фоллоуап в календаре,звонок в календарь,,,,
Операторы поиска Гугл,_questions_google_search_operators,,Операторы поиска Гугл,поиск Гугл,как искать в гугл,Операторы поиска,поиск,как найти информацию,поисковые платформы,найти в Интернете,поиск в Интернете,поисковой запрос,найти данные,how to use Google,look for info,find in Internet,surf the Internet,get info online,поиск онлайн,результаты поиска,,,,
Полезные расширения,_questions_useful_extensions,,Полезные расширения,Полезные расширения в гугл для работы,расширения в гугл,расширения для работы,Полезные расширения для работы,Виджеты,онлайн расширения,Дополнительные возможности,Полезные функции,Добавить расширение,Скачать расширение,Расширения для браузера,Расширения скачать,дополнения к браузеру,скачать дополнение,полезные инструменты,загрузить расширения,,,,,
Чистка старых заявок,_questions_cleaning_old_orders,,Чистка старых заявок,Чистка заявок,заявки,старые заявки,удалить старые заявки,архив заявок ,как удалить заявку,неактуальная заявка,удалить старый запрос,удалить заявку,убрать старую заявку,ненужная заявка,delete old request,old request ban,how delete request,удалить заявки,,,,,,
Бан аккаунта,_questions_account_ban,,Бан аккаунта,забанен аккаунт,что делать при бане аккаунта,если забанен аккаунт,бан,избежать бана аккаунта,что делать чтобы не забанили,как выйти из бана,забанили аккаунт что делать,страница в бане,бан страницы,как выйти из бана ,почему аккаунт забанен,алгоритм действий при бане аккаунта,теневой бан ,бан как убрать,оспорить бан,,,,,
Лимиты на аккаунте,_questions_account_limits,,Лимиты на аккаунте,Лимит,Что делать с лимитами,Что делать с лимитами на аккаунте,как расширить лимит,лимиты на аккаунте,лимит аккаунта,лимит,как убрать лимит,убрать лимит на аккаунте,что делать с лимитом на аккаунте,обойти лимит,лимит аккаунта убрать,что означает лимит,почему стоит лимит на аккаунте,лимиты аккаунта,ограничения и лимиты,,,,,
Как поменять страну,_questions_how_to_change_country,,Как поменять страну,поменять страну,другая страна,изменить страну,выбор страны,выбрать страну,убрать страну,переключить страну,выбрать другую страну,сменить страну,select country,change country,new country,another country,other country,выбор другой страны,обновить страну,,,,,
В какой вкладке найти лидов,_questions_which_tab_to_look_for_leads,,В какой вкладке найти лидов,где найти лидов,поиск лидов,найти лидов,где взять лиды,как искать лиды,кто ищет лидов,как найти лида,лиды поиск,релевантные лиды,лидогенерация,поиск релевантных лидов ,как найти лидов,потенциальные клиенты,поиск клиентов,найти клиента,найти лида онлайн,,,,,
Как зайти в СРМ,_questions_how_enter_CRM,,Как зайти в СРМ,зайти в СРМ,вход в СРМ,авторизация в СРМ,войти в СРМ систему,войти в СРМ,СРМ вход,регистрация в СРМ,СРМ как зайти,как войти в СРМ,зайти в систему,вход в систему ,СРМ как войти,,,,,,,,,
Как получить доступ,_questions_how_to_get_access,,Как получить доступ,Как получить доступ к аккаунту,доступ к аккаунту,зайти в аккаунт,доступ к учетной записи,учетная запись войти,получить доступ к странице,получить доступ к учетной записи,войти в аккаунт,авторизация в аккаунте,получить доступ,вход в аккаунт,доступ к профилю,получить доступ к профилю,,,,,,,,
Аккаунт для работы в СРМ,_questions_accounts_for_CRM,,Аккаунт для работы в СРМ,Аккаунт в СРМ,личный кабинет в СРМ,страница в СРМ,профиль в СРМ,рабочая страница в СРМ,рабочий аккаунт в СРМ,профиль сотрудника,профиль сотрудника в СРМ системе,страница сотрудника в СРМ,рабочий профиль в СРМ,професиональный аккаунт в СРМ,мой аккаунт в СРМ,моя страница в СРМ,показатели в СРМ,,,,,,,
Как добавить лида,_questions_how_to_add_lead,,Как добавить лида,добавить лида,новый лид,лидогенерация,внести лида,добавить нового лида,появился лид,внести нового лида,new lead,add new lead,how to add a lead,get a lead,,,,,,,,,,
Вкладка Leads,_questions_leads_tab,,Вкладка Leads,Leads,Вкладка лиды,Раздел лиды,Список лидов,Вкладка с лидами,Вкладка с клиентами,раздел с лидами,раздел лидов,база лидов,leads attachment,leads base,leads list,,,,,,,,,
Вкладка Lead Reports,_questions_lead_reports_tab,,Вкладка Lead Reports,Lead Reports,Вкладка отчеты по лидам,отчеты по лидам,отчет с лидами,результаты по лидам,раздел с отчетом по лидам,вкладка с отчетом,раздел лидов,вкладка с результатами,,,,,,,,,,,,
Почта для входа,_questions_mail_for_login,,Почта для входа,Почта,Как войти с почты,Вход с почты,вход с почтового ящика,почтовый ящик для входа,зайти через почту,зайти через email,email для входа,email для авторизации,авторизация через email,почта вход,почтовый ящик при входе,логин почта,логин почтовый ящик,,,,,,,
Ивент в календаре лида,_questions_event_in_lead_calendar,,Ивент в календаре лида,Создание ивента в календаре лида,Забронировать встречу с лидом,Встреча с лидом в календаре,созвон с лидом,встреча с лидом отметить в календаре,напоминание о встрече с лидом,митинг в календаре лида,внести событие в календарь лида,расписание лида встреча,внести встречу в календарь,создать событие в календаре,онлайн-митинг отметить в календаре,,,,,,,,,
Внести ивент в календарь,_questions_new_event_to_calendar,,Внести ивент в календарь,Создание ивента в календаре,Забронировать встречу,Встреча в календаре,созвон с лидом,встреча с лидом отметить в календаре,напоминание о встрече с лидом,митинг в календаре лида,внести событие в календарь лида,расписание лида встреча,внести встречу в календарь,создать событие в календаре,онлайн-митинг отметить в календаре,,,,,,,,,
Где взять календарь,_questions_where_to_get_calendar,,Где взять календарь,Где найти календарь,найти календарь,Зайти в календарь,календарь как зайти,найти календарь в устройстве,календарь поиск,найти календарь,открыть календарь,доступ к календарю,как найти календарь,где находится календарь,авторизация в календаре,поиск календарь,,,,,,,,
Фоллоу-ап в календаре,_questions_followup_in_calendar,,Фоллоу-ап в календаре,Напоминание в календаре,как создать Фоллоу-ап в календаре,как создать Напоминание в календаре,создать напоминание в календаре,напоминание календарь,пометка в календаре,фоллоу-ап календарь,внести фоллоу-ап,напоминание создать,отметить в календаре,напомнить ,как не забыть внести в календарь,внесение изменений в календарь,,,,,,,,
Что такое апдейт,_questions_what_update_is,,Что такое апдейт,апдейт,обновление,изменить ,апдейтнуть,обновить,как сделать апдейт,апдейт совершить,совершить обновление,внести изменения,заменить,поменять старое на новое,освежить,как обновить,,,,,,,,
Зачем нужен апдейт,_questions_why_update_needed,,Зачем нужен апдейт,Для чего нужен апдейт,причины апдейта,зачем обновлять,почему нужен апдейт,апдейт причины,нужен ли апдейт,для чего изменять,апдейт зачем делать,,,,,,,,,,,,,
Как найти апдейтов,_questions_how_to_find_update,,Как найти апдейтов,Кому делать апдейт,Каким лидам делать апдейт,Кого обновить,апдейт лидов,фоллоу-апы для лидов,апдейты по лидам,обновление лидов,лиды апдейты,,,,,,,,,,,,,
Как сделать апдейт,_questions_how_to_do_update,,Как сделать апдейт,сделать апдейт,провести апдейт,как делать апдейт лидам,как сделать апдейт лидов,апдейт совершить,совершить обновление,внести изменения,заменить,как апдейтнуть лидов,гайд по апдейту,как делать апдейт,,,,,,,,,,
Норма апдейтов в день,_questions_standart_update_count,,Норма апдейтов в день,сколько делать апдейтов,Норма апдейтов,сколько апдейтов,количество апдейтов,показатели апдейтов,статистика апдейтов,среднее количество апдейтов,диапазон обновлений,диапазон апдейтов,сколько апдейтов нужно делать,сколько делать апдейтов,норма по апдейтам,показатели по апдейтам,,,,,,,,
Включить тайм-трекер,_questions_enable_time_tracker,,Включить тайм-трекер,тайм-трекер,Как включить тайм-трекер,Активировать тайм-трекер,запустить тайм-трекер,кнопка тайм-трекера,как включить тайм-трекер,включить тайм-трекер в системе,тайм-трекер инструкция,что такое тайм-трекер,тайм-трекер включить выключить,тайм-трекер старт,активация тайм-трекера,,,,,,,,,
Настройка GoogleChrome,_questions_google_chrome_setup,,Настройка Google Chrome,Настройка Chrome,Как настроить Google Chrome,Настройки Google Chrome,Настроить Google Chrome,Изменить в Google Chrome,Процесс настроек Google Chrome,Как поменять настройки в Google Chrome,Как поменять настройки в Chrome,Настройки Chrome,Изменения настроек Chrome,Конфигурация Chrome,Настроить Chrome,Поменять в Chrome,,,,,,,,
Контакты,_questions_contacts,,Контакты,С кем связаться,Спросить вопрос,Контактная форма,Задать вопрос,Служба поддержки,Оставить запрос,Спросить,Пожелания и вопросы,Консультация и помощь,Контактное лицо,Контактный представитель,Контактные данные,Телефон и почта,Координаты,Реквизиты,Актуальные контактные данные,Контактные данные,Связь ,Связаться с компанией,,
Мои бонусы,_questions_my_bonuses,,Мои бонусы,бонусы,Сколько у меня бонусов,Есть ли у меня бонусы,Баланс бонусов,Сколько бонусов,Сколько у меня бонусов,Количество бонусов,Узнать о бонусах ,Бонусы количество,Премия и бонусы,Данные о бонусах,Информация о бонусах,Сколько я заработал бонусов,Бонусы за месяц,Бонусы сотрудника,,,,,,
Когда ЗП,_questions_when_salary,,Зарплата,Когда зарплата,Когда ЗП,ЗП,деньги,Информация о зарплате,День зарплаты,Когда будет зарплата,Когда ожидать зарплату,Дата выплат зарплаты,Дата зарплаты,Сумма получки,Когда зарплата,Когда будут деньги,Узнать о ЗП,Сроки по ЗП,Сроки по зарплате,Узнать о зарплате,Когда получить зарплату,Дата выплаты,Дата ЗП,Хочу ЗП
Каких лидов нужно искать,_questions_which_leads_to_look_for,,Каких лидов нужно искать,Каких лидов искать,Каких лидов,лидов искать,что искать,поиск лидов,какие нужны лиды,тип лидов для поиска,каких найти лидов,каких лидов мы ищем,типы лидов,категории лидов,какие нам нужны лиды,лиды для компании,поиск клиентов,,,,,,,
Данные от лида,_questions_data_from_lead,,Данные от лида,Узнать у лида,Информация о лиде,Данные о лиде,Какие данные собирать,Информация по лиду,Данные лида,Информация о лиде,Сведения о лиде,Описание лида,запрос данных от лида,что спросить у лида,описание лида,запрос информации лида,данные по лиду,какие нужны данные по лидам,,,,,,
Добавить лида,_questions_add_lead,,Добавить лида,Добавление лида,Как добавить лида,Новый лид добавить,Добавить нового лида,Лид добавить,Внесение лида,Внести нового лида,Лид добавить,Новый лид,,,,,,,,,,,,
Заполнить карту лида,_questions_fill_lead_chart,,Заполнить карту лида,Заполнить карту,Карта лида,Информация о лиде,Заполнить информацию о лиде,Заполнить данные лида ,Карточка лида,Профайл лида,,,,,,,,,,,,,,
Кому делать фоллоу-ап,_questions_when_to_follow_up,,Кому делать фоллоу-ап,Кому фоллоу ап,Кому делать follow up,Кому follow-up,Кому отправлять фоллоу-ап,Для ког нужен фоллоу-ап,Кому отправить  follow-up,Куда делать  follow-up,Куда отправлять  follow-up,Сделать follow-up,Лиды для follow-up,,,,,,,,,,,
Правильные лиды,_questions_which_leads_to_look_for,,Правильные лиды,Релевантные лиды,Подходящие лиды,Оптимальные лиды,Актуальные лиды,Соответствующие лиды,Стоящие лиды,,,,,,,,,,,,,,,
Сколько лидов я сделал,_questions_how_much_leads_i_made,,Сколько лидов я сделал,Сколько лидов,Узнать сколько лидов,Количество лидов,Сколько я нашел лидов,Сколько собрал лидов,Как узнать сколько у меня лидов,Сколько лидов я сделал,Количество моих лидов,Показатели по лидам,Мои лиды,,,,,,,,,,,
Норма лидов в день,_questions_standart_lead_count,,Норма лидов в день,Норма лидов,Сколько лидов в день,Норма,Норма лидов общая,сколько лидов,количество лидов,показатели лидов,статистика лидов,среднее количество лидов,диапазон лидов,,сколько апдейтов нужно делать,сколько делать апдейтов,норма по апдейтам,показатели по апдейтам,,,,,,
Как найти нужного лида,_questions_how_to_find_correct_lead,,Как найти нужного лида,нужного лида,где найти нужного лида,где искать лиды,место поиска лидов,как найти лида,где найти релевантного лида,поиск подходящих лидов,нужные лиды найти,как найти нужных лидов,механика поиска лидов,,,,,,,,,,,
1-й коннект с лидом,_questions_first_lead_connect,,1-й коннект с лидом,первый коннект с лидом,первый коннект,первый контакт,первый контакт с лидом,первое общение с лидом,первое общение,первая коммуникация,первая коммуникация с лидом,первая переписка с лидом ,общение с лидом впервые,,,,,,,,,,,
2-й коннект с лидом,_questions_second_lead_connect,,2-й коннект с лидом,второй коннект с лидом,второй коннект,второй контакт,второй контакт с лидом,второе общение с лидом,второе общение,вторая коммуникация,вторая коммуникация с лидом,вторая переписка с лидом ,общение с лидом второе,,,,,,,,,,,
3-й коннект с лидом,_questions_second_lead_connect,,3-й коннект с лидом,третий коннект с лидом,третий коннект,третий контакт,третий контакт с лидом,третье общение с лидом,третье общение,третья коммуникация,третья коммуникация с лидом,третья переписка с лидом ,общение с лидом третье,,,,,,,,,,,
О специальностях,_questions_about_specialities,,О специальностях,специальности,какие специальности,какие у нас специальности,о наших специальностях,специальности компании,специальности сотрудников,перечень специальностей,список специальностей,,,,,,,,,,,,,
Об опыте сотрудников,_questions_about_employees_experience,,Об опыте сотрудников,опыт сотрудников,компетенции сотрудников,навыки сотрудников,скиллы сотрудников,умения сотрудников,знания сотрудников,возможности сотрудников,,,,,,,,,,,,,,
Клиент не заинтересован,_questions_client_not_interested,,Клиент не заинтересован,не заинтересован,если клиент не заинтересован,клиенту не интересно,клиенту не актуально,клиент не нуждается,клиент отказал,отказ клиента,нерелевантный клиент,,,,,,,,,,,,,
Клиент заинтересован,_questions_client_interested,,Клиент заинтересован,заинтересован,если клиент заинтересован,клиенту интересно,клиенту актуально,запросил презентацию,клиент хочет сотрудничать,релевантный клиент,клиент открыт к диалогу,,,,,,,,,,,,,
Отправить коннект лиду,_questions_send_connect_to_lead,,Отправить коннект лиду,Отправить коннект,коннект лиду,отправить контакт лиду,отправить профайл,отправить ссылку на кандидата,выслать контакт лиду,сконтактировать с заказчиком,,,,,,,,,,,,,,
Что такое фоллоу-ап,_questions_what_is_follow_up,,Что такое фоллоу-ап,фоллоу-ап,объяснение фоллоу-ап,Что такое follow-up,follow-up,объяснение follow-up,зачем нужен фоллоу-ап,фоллоу-ап что это,термин фоллоу-ап ,follow-up зачем нужен,follow-up что это,термин follow-up,понятие follow-up,,,,,,,,,
Фоллоу-ап в календаре,_questions_follow_up_in_calendar,,Фоллоу-ап в календаре,follow-up в календаре,напоминание в календаре,как создать Фоллоу-ап в календаре,как создать Напоминание в календаре,создать напоминание в календаре,напоминание календарь,пометка в календаре,фоллоу-ап календарь,внести фоллоу-ап,,,,,,,,,,,,
С какой страной я работаю,_questions_country_i_work_with,,С какой страной я работаю,какая страна,страны с которыми сотрудничаем,какая моя страна,страна работы,страна обработки,страна аккаунта,,,,,,,,,,,,,,,
Можно ли изменить страну,_questions_can_i_change_country,,Можно ли изменить страну,изменить страну,как изменить страну,другая страна,новая страна,выбор страны,выбрать страну,убрать страну,переключить страну,выбрать другую страну,сменить страну,select country,change country,new country,another country,other country,выбор другой страны,обновить страну,,,,
Страны: *НЕ* работаем,_questions_countries_not_working_with,,Страны не работаем,Страны с которыми не работаем,Ненужные страны,Нерелевантные страны,Не сотрудничаем со странами,Страны-табу,С какими странам не работаем,Неподходящие страны,Неинтересные для нас страны,Не работаем со странами,,,,,,,,,,,,
Страны: *работаем*,_questions_countriues_working_with,,Страны работаем,Страны с которыми работаем,Работа со странами,релевантные страны,Ориентация на страны,Соотрудничаем со странами,С какими странами работаем,С какими странами сотрудничаем,Охват стран,Подходящие страны,Оптимальные страны,,,,,,,,,,,
Статус при назначении ивента,_questions_status_on_event,,Статус при назначении ивента,Статус ивента,Статус события,Текущий статус события,Текущий статус ивента,Нынешний статус,,,,,,,,,,,,,,,,
Статус апдейт,_questions_status_update,,Статус апдейт,Статус апдейта,Статус обновления,Текущий статус апдейта,Текущий статус обновления,Нынешний статус апдейта,,,,,,,,,,,,,,,,
Виды статусов в СРМ,_questions_status_categories_in_CRM,,Виды статусов в СРМ,Виды статусов,статусы в СРМ,типы статусов в срм,перечень статусов в срм,СРМ статусы,,,,,,,,,,,,,,,,
Оставить отзыв,_feedback,,Оставить отзыв,отзыв,Написать отзыв,Оставить фидбек,Общий отзыв ,,,,,,,,,,,,,,,,,
Задать вопрос,_nn_question,,Задать вопрос,Спросить вопрос,вопрос,Оставить вопрос,Спросить,Получить ответ на вопрос,FAQ,,,,,,,,,,,,,,,